Municipio;Idade;Obito;idade_avancada;casos_confirmados;percent_obitos
ADAMANTINA;25486.0;91;200;441;0.20634920634920634
ADOLFO;4269.0;13;39;72;0.18055555555555555
AGUAI;17728.0;71;147;310;0.22903225806451613
AGUAS DA PRATA;5387.0;19;50;88;0.2159090909090909
AGUAS DE LINDOIA;10734.0;38;78;187;0.20320855614973263
AGUAS DE SANTA BARBARA;2099.0;10;19;34;0.29411764705882354
AGUAS DE SAO PEDRO;3062.0;9;29;54;0.16666666666666666
AGUDOS;30524.0;79;193;571;0.138353765323993
ALAMBARI;2721.0;6;24;47;0.1276595744680851
ALFREDO MARCONDES;4047.0;10;43;63;0.15873015873015872
ALTAIR;2868.0;13;21;49;0.2653061224489796
ALTINOPOLIS;7089.0;33;60;117;0.28205128205128205
ALTO ALEGRE;3520.0;11;32;57;0.19298245614035087
ALUMINIO;12444.0;35;107;214;0.16355140186915887
ALVARES FLORENCE;3868.0;11;30;68;0.16176470588235295
ALVARES MACHADO;16103.0;50;118;286;0.17482517482517482
ALVARO DE CARVALHO;1112.0;6;10;17;0.35294117647058826
ALVINLANDIA;2372.0;8;23;39;0.20512820512820512
AMERICANA;145205.0;413;1068;2595;0.15915221579961464
AMERICO BRASILIENSE;66912.0;76;321;1409;0.0539389638041164
AMERICO DE CAMPOS;11135.0;25;100;186;0.13440860215053763
AMPARO;31153.0;97;233;553;0.17540687160940324
ANALANDIA;3445.0;5;32;57;0.08771929824561403
ANDRADINA;69043.0;153;485;1247;0.1226944667201283
ANGATUBA;31986.0;45;227;587;0.07666098807495741
ANHEMBI;2165.0;8;20;35;0.22857142857142856
ANHUMAS;2574.0;6;13;46;0.13043478260869565
APARECIDA;21508.0;63;175;368;0.17119565217391305
APARECIDA D'OESTE;5759.0;12;55;95;0.12631578947368421
APIAI;9255.0;64;72;155;0.4129032258064516
ARACARIGUAMA;13856.0;35;86;260;0.1346153846153846
ARACATUBA;179676.0;556;1406;3158;0.17606079797340088
ARACOIABA DA SERRA;21271.0;49;163;372;0.13172043010752688
ARAMINA;2219.0;13;16;39;0.3333333333333333
ARANDU;2430.0;14;17;43;0.32558139534883723
ARAPEI;1367.0;1;10;26;0.038461538461538464
ARARAQUARA;187275.0;386;1284;3420;0.11286549707602339
ARARAS;110149.0;287;862;1922;0.14932362122788762
ARCO-IRIS;1247.0;5;10;23;0.21739130434782608
AREALVA;3393.0;15;30;56;0.26785714285714285
AREIAS;448.0;1;4;8;0.125
AREIOPOLIS;5857.0;16;43;102;0.1568627450980392
ARIRANHA;12552.0;17;93;222;0.07657657657657657
ARTUR NOGUEIRA;30798.0;73;207;573;0.1273996509598604
ARUJA;46107.0;213;373;807;0.26394052044609667
ASPASIA;2032.0;8;13;37;0.21621621621621623
ASSIS;82695.0;297;630;1470;0.20204081632653062
ATIBAIA;92234.0;196;699;1630;0.12024539877300613
AURIFLAMA;18887.0;40;151;326;0.12269938650306748
AVAI;3355.0;9;24;59;0.15254237288135594
AVANHANDAVA;8055.0;23;60;146;0.15753424657534246
AVARE;43065.0;152;315;777;0.1956241956241956
BADY BASSITT;29732.0;72;197;565;0.12743362831858407
BALBINOS;2114.0;3;22;36;0.08333333333333333
BALSAMO;13974.0;54;114;241;0.22406639004149378
BANANAL;769.0;2;6;14;0.14285714285714285
BARAO DE ANTONINA;3834.0;5;28;68;0.07352941176470588
BARBOSA;3572.0;12;29;61;0.19672131147540983
BARIRI;27349.0;96;214;470;0.20425531914893616
BARRA BONITA;23973.0;59;178;428;0.1378504672897196
BARRA DO CHAPEU;692.0;3;4;13;0.23076923076923078
BARRA DO TURVO;3870.0;13;39;63;0.20634920634920634
BARRETOS;122120.0;416;906;2177;0.19108865411116216
BARRINHA;14561.0;52;103;262;0.1984732824427481
BARUERI;238392.0;805;1889;4224;0.19057765151515152
BASTOS;15634.0;29;106;281;0.10320284697508897
BATATAIS;53352.0;126;448;936;0.1346153846153846
BAURU;377785.0;880;2716;6794;0.12952605239917575
BEBEDOURO;26206.0;102;203;453;0.2251655629139073
BENTO DE ABREU;3830.0;2;24;73;0.0273972602739726
BERNARDINO DE CAMPOS;4624.0;17;39;79;0.21518987341772153
BERTIOGA;27735.0;62;176;532;0.11654135338345864
BILAC;1988.0;12;16;36;0.3333333333333333
BIRIGUI;118011.0;366;864;2097;0.17453505007153075
BIRITIBA-MIRIM;13876.0;71;109;238;0.29831932773109243
BOA ESPERANCA DO SUL;7208.0;18;44;138;0.13043478260869565
BOCAINA;4340.0;19;34;78;0.24358974358974358
BOFETE;5062.0;20;45;84;0.23809523809523808
BOITUVA;27858.0;73;197;502;0.1454183266932271
BOM JESUS DOS PERDOES;7699.0;13;60;139;0.09352517985611511
BOM SUCESSO DE ITARARE;1018.0;4;6;18;0.2222222222222222
BORA;426.0;0;4;7;0.0
BORACEIA;6285.0;17;54;110;0.15454545454545454
BORBOREMA;19800.0;41;134;365;0.11232876712328767
BOREBI;1670.0;4;15;28;0.14285714285714285
BOTUCATU;115848.0;250;893;2032;0.12303149606299213
BRAGANCA PAULISTA;73229.0;356;586;1272;0.279874213836478
BRAUNA;2674.0;18;21;45;0.4
BREJO ALEGRE;2412.0;9;23;42;0.21428571428571427
BRODOWSKI;19050.0;61;146;339;0.17994100294985252
BROTAS;14997.0;34;91;313;0.10862619808306709
BURI;10048.0;72;92;170;0.4235294117647059
BURITAMA;24192.0;51;193;421;0.12114014251781473
BURITIZAL;1142.0;8;12;17;0.47058823529411764
CABRALIA PAULISTA;3317.0;5;26;58;0.08620689655172414
CABREUVA;31121.0;93;231;549;0.16939890710382513
CACAPAVA;53767.0;165;409;954;0.17295597484276728
CACHOEIRA PAULISTA;16280.0;27;132;290;0.09310344827586207
CACONDE;9590.0;20;84;159;0.12578616352201258
CAFELANDIA;7546.0;36;63;132;0.2727272727272727
CAIABU;1881.0;4;17;31;0.12903225806451613
CAIEIRAS;47409.0;217;373;822;0.2639902676399027
CAIUA;2158.0;5;14;39;0.1282051282051282
CAJAMAR;35661.0;119;260;646;0.18421052631578946
CAJATI;17435.0;66;137;299;0.22073578595317725
CAJOBI;6839.0;22;61;120;0.18333333333333332
CAJURU;7526.0;32;65;125;0.256
CAMPINA DO MONTE ALEGRE;7409.0;14;56;135;0.1037037037037037
CAMPINAS;1051601.0;3414;8505;18238;0.18719157802390612
CAMPO LIMPO PAULISTA;40049.0;181;342;693;0.2611832611832612
CAMPOS DO JORDAO;33195.0;83;259;588;0.141156462585034
CAMPOS NOVOS PAULISTA;3807.0;9;30;68;0.1323529411764706
CANANEIA;6633.0;17;52;115;0.14782608695652175
CANAS;2577.0;3;20;46;0.06521739130434782
CANDIDO MOTA;33205.0;112;258;584;0.1917808219178082
CANDIDO RODRIGUES;1707.0;6;12;32;0.1875
CANITAR;2438.0;12;18;44;0.2727272727272727
CAPAO BONITO;14009.0;45;114;249;0.18072289156626506
CAPELA DO ALTO;6953.0;29;55;123;0.23577235772357724
CAPIVARI;33581.0;77;251;599;0.1285475792988314
CARAGUATATUBA;104468.0;298;906;1786;0.16685330347144456
CARAPICUIBA;214432.0;743;1744;3839;0.19353998437092992
CARDOSO;10833.0;36;98;189;0.19047619047619047
CASA BRANCA;16336.0;68;139;285;0.23859649122807017
CASSIA DOS COQUEIROS;1024.0;1;11;16;0.0625
CASTILHO;12849.0;45;102;223;0.20179372197309417
CATANDUVA;105546.0;426;876;1811;0.23522915516289342
CATIGUA;8904.0;23;68;161;0.14285714285714285
CEDRAL;10589.0;24;68;196;0.12244897959183673
CERQUEIRA CESAR;6946.0;33;62;118;0.2796610169491525
CERQUILHO;46147.0;107;302;843;0.1269276393831554
CESARIO LANGE;6766.0;40;55;121;0.3305785123966942
CHARQUEADA;12560.0;28;84;226;0.12389380530973451
CHAVANTES;4836.0;30;40;83;0.3614457831325301
CLEMENTINA;6120.0;9;39;115;0.0782608695652174
COLINA;6990.0;34;65;119;0.2857142857142857
COLOMBIA;3814.0;9;24;69;0.13043478260869565
CONCHAL;13378.0;40;103;237;0.16877637130801687
CONCHAS;11355.0;48;89;199;0.24120603015075376
CORDEIROPOLIS;26226.0;67;175;487;0.1375770020533881
COROADOS;3152.0;17;24;54;0.3148148148148148
CORONEL MACEDO;3814.0;14;35;62;0.22580645161290322
CORUMBATAI;2186.0;5;19;40;0.125
COSMOPOLIS;39339.0;116;287;700;0.1657142857142857
COSMORAMA;8811.0;27;86;145;0.18620689655172415
COTIA;104918.0;343;765;1889;0.18157755426151403
CRAVINHOS;38214.0;71;305;686;0.10349854227405247
CRISTAIS PAULISTA;3563.0;11;35;57;0.19298245614035087
CRUZALIA;562.0;3;5;10;0.3
CRUZEIRO;28579.0;61;239;504;0.12103174603174603
CUBATAO;98693.0;261;767;1749;0.14922813036020582
CUNHA;7899.0;10;68;135;0.07407407407407407
DESCALVADO;42032.0;55;272;780;0.07051282051282051
DIADEMA;282526.0;886;2261;4956;0.17877320419693302
DIRCE REIS;1416.0;3;10;26;0.11538461538461539
DIVINOLANDIA;3530.0;23;30;62;0.3709677419354839
DOBRADA;2466.0;7;19;43;0.16279069767441862
DOIS CORREGOS;5356.0;30;39;99;0.30303030303030304
DOLCINOPOLIS;2164.0;5;24;33;0.15151515151515152
DOURADO;3864.0;14;29;71;0.19718309859154928
DRACENA;39575.0;167;343;675;0.2474074074074074
DUARTINA;4144.0;19;32;73;0.2602739726027397
DUMONT;10695.0;16;80;194;0.08247422680412371
ECHAPORA;4649.0;19;38;77;0.24675324675324675
ELDORADO;4123.0;17;36;68;0.25
ELIAS FAUSTO;7217.0;28;57;132;0.21212121212121213
ELISIARIO;3741.0;7;26;67;0.1044776119402985
EMBAUBA;1073.0;7;8;21;0.3333333333333333
EMBU DAS ARTES;81780.0;355;660;1455;0.24398625429553264
EMBU-GUACU;38782.0;137;306;694;0.19740634005763688
EMILIANOPOLIS;1694.0;4;18;27;0.14814814814814814
ENGENHEIRO COELHO;19051.0;42;122;359;0.116991643454039
ESPIRITO SANTO DO PINHAL;39663.0;77;311;709;0.10860366713681241
ESPIRITO SANTO DO TURVO;1482.0;6;16;23;0.2608695652173913
ESTIVA GERBI;6089.0;16;43;112;0.14285714285714285
ESTRELA D'OESTE;9973.0;17;93;165;0.10303030303030303
ESTRELA DO NORTE;2377.0;4;16;42;0.09523809523809523
EUCLIDES DA CUNHA PAULISTA;2392.0;13;18;41;0.3170731707317073
FARTURA;11095.0;32;86;195;0.1641025641025641
FERNANDO PRESTES;5331.0;8;35;102;0.0784313725490196
FERNANDOPOLIS;78758.0;216;629;1384;0.15606936416184972
FERNAO;2847.0;0;23;50;0.0
FERRAZ DE VASCONCELOS;79747.0;213;594;1424;0.14957865168539325
FLORA RICA;1394.0;4;13;22;0.18181818181818182
FLOREAL;1675.0;4;16;29;0.13793103448275862
FLORIDA PAULISTA;4431.0;16;34;77;0.2077922077922078
FLORINEA;3121.0;9;27;54;0.16666666666666666
FRANCA;211982.0;611;1609;3742;0.1632816675574559
FRANCISCO MORATO;71645.0;236;509;1311;0.18001525553012968
FRANCO DA ROCHA;52891.0;224;421;941;0.23804463336875664
GABRIEL MONTEIRO;924.0;4;9;15;0.26666666666666666
GALIA;7120.0;13;58;122;0.10655737704918032
GARCA;21473.0;92;210;350;0.26285714285714284
GASTAO VIDIGAL;2457.0;13;28;37;0.35135135135135137
GAVIAO PEIXOTO;4941.0;14;30;97;0.14432989690721648
GENERAL SALGADO;15532.0;29;117;270;0.10740740740740741
GETULINA;10555.0;20;69;213;0.09389671361502347
GLICERIO;3039.0;15;25;53;0.2830188679245283
GUAICARA;13169.0;19;78;248;0.07661290322580645
GUAIMBE;1808.0;7;17;33;0.21212121212121213
GUAIRA;39945.0;147;329;690;0.21304347826086956
GUAPIACU;24362.0;66;178;455;0.14505494505494507
GUAPIARA;21259.0;60;190;352;0.17045454545454544
GUARA;21698.0;65;133;446;0.14573991031390135
GUARACAI;4779.0;12;39;85;0.1411764705882353
GUARACI;9476.0;20;72;169;0.11834319526627218
GUARANI D'OESTE;1666.0;4;14;29;0.13793103448275862
GUARANTA;3812.0;17;32;65;0.26153846153846155
GUARARAPES;22696.0;58;176;400;0.145
GUARAREMA;20893.0;65;176;363;0.1790633608815427
GUARATINGUETA;83395.0;169;636;1476;0.11449864498644986
GUAREI;6923.0;20;52;127;0.15748031496062992
GUARIBA;29750.0;74;220;537;0.1378026070763501
GUARUJA;172019.0;700;1350;3060;0.22875816993464052
GUARULHOS;633149.0;2827;5150;11010;0.25676657584014534
GUATAPARA;4698.0;16;36;84;0.19047619047619047
GUZOLANDIA;3570.0;12;27;63;0.19047619047619047
HERCULANDIA;6638.0;14;50;113;0.12389380530973451
HOLAMBRA;5495.0;8;36;99;0.08080808080808081
HORTOLANDIA;194217.0;497;1262;3589;0.13847868487043744
IACANGA;9120.0;19;73;157;0.12101910828025478
IACRI;2515.0;8;21;43;0.18604651162790697
IARAS;1699.0;13;9;32;0.40625
IBATE;15732.0;70;113;287;0.24390243902439024
IBIRA;16570.0;33;131;291;0.1134020618556701
IBIRAREMA;2372.0;20;21;39;0.5128205128205128
IBITINGA;77878.0;176;539;1433;0.12281926029309141
IBIUNA;23470.0;58;185;424;0.13679245283018868
ICEM;6809.0;22;50;118;0.1864406779661017
IEPE;6899.0;13;54;122;0.10655737704918032
IGARACU DO TIETE;14734.0;34;101;263;0.12927756653992395
IGARAPAVA;15327.0;66;120;266;0.24812030075187969
IGARATA;7555.0;26;61;136;0.19117647058823528
IGUAPE;13316.0;64;127;216;0.2962962962962963
ILHA COMPRIDA;8823.0;32;87;148;0.21621621621621623
ILHA SOLTEIRA;23053.0;69;183;400;0.1725
ILHABELA;36375.0;33;256;670;0.049253731343283584
INDAIATUBA;123868.0;455;936;2207;0.20616221114635253
INDIANA;3310.0;8;25;56;0.14285714285714285
INDIAPORA;3635.0;5;35;60;0.08333333333333333
INUBIA PAULISTA;3076.0;12;29;51;0.23529411764705882
IPAUSSU;9373.0;21;68;169;0.1242603550295858
IPERO;15132.0;34;113;277;0.12274368231046931
IPEUNA;4083.0;12;29;73;0.1643835616438356
IPIGUA;8730.0;25;76;150;0.16666666666666666
IPORANGA;2751.0;5;26;45;0.1111111111111111
IPUA;15649.0;38;119;272;0.13970588235294118
IRACEMAPOLIS;21768.0;68;170;389;0.17480719794344474
IRAPUA;4432.0;19;39;78;0.24358974358974358
IRAPURU;2901.0;18;23;51;0.35294117647058826
ITABERA;13656.0;46;115;239;0.19246861924686193
ITAI;12147.0;50;86;215;0.23255813953488372
ITAJOBI;21579.0;42;162;393;0.10687022900763359
ITAJU;3043.0;4;28;56;0.07142857142857142
ITANHAEM;47518.0;165;405;828;0.19927536231884058
ITAOCA;1981.0;6;20;31;0.1935483870967742
ITAPECERICA DA SERRA;91445.0;325;756;1611;0.20173805090006208
ITAPETININGA;112158.0;136;826;2013;0.06756085444610035
ITAPEVA;57370.0;274;430;1022;0.26810176125244617
ITAPEVI;106225.0;375;799;1919;0.19541427826993227
ITAPIRA;94656.0;236;652;1733;0.1361800346220427
ITAPIRAPUA PAULISTA;2339.0;2;17;40;0.05
ITAPOLIS;43490.0;106;318;785;0.13503184713375796
ITAPORANGA;7831.0;25;64;135;0.18518518518518517
ITAPUI;6336.0;32;50;112;0.2857142857142857
ITAPURA;2065.0;13;14;36;0.3611111111111111
ITAQUAQUECETUBA;136473.0;606;1097;2397;0.2528160200250313
ITARARE;24221.0;129;199;420;0.30714285714285716
ITARIRI;10593.0;28;89;182;0.15384615384615385
ITATIBA;66347.0;115;507;1169;0.09837467921300257
ITATINGA;9698.0;36;76;168;0.21428571428571427
ITIRAPINA;8490.0;28;64;149;0.18791946308724833
ITIRAPUA;1708.0;5;17;28;0.17857142857142858
ITOBI;3639.0;11;35;59;0.1864406779661017
ITU;130274.0;331;968;2313;0.14310419368785127
ITUPEVA;47161.0;113;312;860;0.1313953488372093
ITUVERAVA;24688.0;98;189;442;0.22171945701357465
JABORANDI;4204.0;13;30;75;0.17333333333333334
JABOTICABAL;45367.0;93;359;800;0.11625
JACAREI;170474.0;468;1265;3057;0.15309126594700687
JACI;7531.0;18;51;136;0.1323529411764706
JACUPIRANGA;10399.0;38;87;173;0.21965317919075145
JAGUARIUNA;35170.0;76;262;630;0.12063492063492064
JALES;73023.0;180;586;1271;0.14162077104642015
JAMBEIRO;2125.0;7;17;39;0.1794871794871795
JANDIRA;48574.0;185;344;868;0.21313364055299538
JARDINOPOLIS;24525.0;107;207;425;0.25176470588235295
JARINU;10701.0;44;86;187;0.23529411764705882
JAU;82194.0;283;641;1459;0.19396847155586017
JERIQUARA;468.0;2;5;7;0.2857142857142857
JOANOPOLIS;10897.0;3;89;190;0.015789473684210527
JOAO RAMALHO;4971.0;7;33;91;0.07692307692307693
JOSE BONIFACIO;27896.0;116;221;483;0.2401656314699793
JULIO MESQUITA;2661.0;13;27;42;0.30952380952380953
JUMIRIM;1662.0;4;14;28;0.14285714285714285
JUNDIAI;387012.0;1215;3162;6684;0.1817773788150808
JUNQUEIROPOLIS;6278.0;54;55;102;0.5294117647058824
JUQUIA;15669.0;40;125;270;0.14814814814814814
JUQUITIBA;12266.0;62;118;201;0.30845771144278605
LAGOINHA;1966.0;3;23;31;0.0967741935483871
LARANJAL PAULISTA;13171.0;87;108;220;0.39545454545454545
LAVINIA;5522.0;10;42;101;0.09900990099009901
LAVRINHAS;1449.0;3;13;24;0.125
LEME;89250.0;277;694;1584;0.17487373737373738
LENCOIS PAULISTA;64891.0;132;486;1150;0.11478260869565217
LIMEIRA;132702.0;668;1110;2270;0.29427312775330394
LINDOIA;5965.0;14;52;103;0.13592233009708737
LINS;49929.0;201;410;872;0.2305045871559633
LORENA;57397.0;82;457;1016;0.08070866141732283
LOURDES;1765.0;5;16;29;0.1724137931034483
LOUVEIRA;29418.0;72;207;527;0.1366223908918406
LUCELIA;10714.0;47;84;188;0.25
LUCIANOPOLIS;1172.0;1;10;20;0.05
LUIS ANTONIO;10623.0;26;79;194;0.13402061855670103
LUIZIANIA;2494.0;4;21;42;0.09523809523809523
LUPERCIO;3119.0;7;26;55;0.12727272727272726
LUTECIA;1292.0;5;16;21;0.23809523809523808
MACATUBA;17253.0;45;126;311;0.14469453376205788
MACAUBAL;5879.0;15;50;103;0.14563106796116504
MACEDONIA;5092.0;16;40;88;0.18181818181818182
MAGDA;3046.0;7;24;52;0.1346153846153846
MAIRINQUE;20540.0;39;130;374;0.10427807486631016
MAIRIPORA;54995.0;146;444;948;0.1540084388185654
MANDURI;2324.0;10;18;40;0.25
MARABA PAULISTA;1095.0;3;11;17;0.17647058823529413
MARACAI;16842.0;29;107;313;0.0926517571884984
MARAPOAMA;4823.0;9;37;88;0.10227272727272728
MARIAPOLIS;1749.0;4;18;28;0.14285714285714285
MARILIA;239271.0;725;1809;4285;0.1691948658109685
MARINOPOLIS;2770.0;3;24;52;0.057692307692307696
MARTINOPOLIS;15550.0;59;129;269;0.21933085501858737
MATAO;57915.0;154;442;1028;0.14980544747081712
MAUA;204610.0;992;1749;3511;0.2825405867274281
MENDONCA;4785.0;24;38;84;0.2857142857142857
MERIDIANO;3541.0;23;34;56;0.4107142857142857
MESOPOLIS;2305.0;4;11;45;0.08888888888888889
MIGUELOPOLIS;12478.0;55;107;214;0.2570093457943925
MINEIROS DO TIETE;5833.0;19;38;106;0.1792452830188679
MIRA ESTRELA;1959.0;11;19;33;0.3333333333333333
MIRACATU;6625.0;51;53;118;0.4322033898305085
MIRANDOPOLIS;18034.0;57;157;301;0.1893687707641196
MIRANTE DO PARANAPANEMA;8028.0;32;74;129;0.24806201550387597
MIRASSOL;82441.0;218;638;1447;0.15065653075328264
MIRASSOLANDIA;5360.0;13;35;96;0.13541666666666666
MOCOCA;26834.0;174;237;453;0.3841059602649007
MOGI DAS CRUZES;280306.0;1160;2310;4808;0.24126455906821964
MOGI GUACU;105380.0;352;816;1876;0.18763326226012794
MOGI MIRIM;60479.0;250;499;1053;0.23741690408357075
MOMBUCA;2992.0;5;28;50;0.1
MONCOES;1542.0;4;10;28;0.14285714285714285
MONGAGUA;14663.0;45;119;252;0.17857142857142858
MONTE ALEGRE DO SUL;4106.0;6;36;67;0.08955223880597014
MONTE ALTO;41074.0;130;351;696;0.1867816091954023
MONTE APRAZIVEL;35546.0;75;267;638;0.11755485893416928
MONTE AZUL PAULISTA;6872.0;22;59;118;0.1864406779661017
MONTE CASTELO;3089.0;12;33;50;0.24
MONTE MOR;36610.0;93;249;672;0.13839285714285715
MONTEIRO LOBATO;1566.0;7;15;24;0.2916666666666667
MORRO AGUDO;67671.0;65;412;1284;0.050623052959501556
MORUNGABA;3822.0;17;31;64;0.265625
MOTUCA;6280.0;7;33;120;0.058333333333333334
MURUTINGA DO SUL;4133.0;4;32;70;0.05714285714285714
NANTES;1857.0;7;15;31;0.22580645161290322
NAO INFORMADO;2225.0;0;21;36;0.0
NARANDIBA;8737.0;17;58;159;0.1069182389937107
NATIVIDADE DA SERRA;1990.0;7;16;33;0.21212121212121213
NAZARE PAULISTA;5286.0;27;39;93;0.2903225806451613
NEVES PAULISTA;9927.0;34;83;173;0.19653179190751446
NHANDEARA;9194.0;35;77;152;0.23026315789473684
NIPOA;3094.0;12;21;53;0.22641509433962265
NOVA ALIANCA;6423.0;21;58;109;0.1926605504587156
NOVA CAMPINA;2382.0;18;17;42;0.42857142857142855
NOVA CANAA PAULISTA;2160.0;3;23;33;0.09090909090909091
NOVA CASTILHO;655.0;2;5;12;0.16666666666666666
NOVA EUROPA;6776.0;25;44;127;0.1968503937007874
NOVA GRANADA;22550.0;62;188;383;0.1618798955613577
NOVA GUATAPORANGA;1263.0;3;11;22;0.13636363636363635
NOVA INDEPENDENCIA;2537.0;3;14;45;0.06666666666666667
NOVA LUZITANIA;2289.0;9;18;41;0.21951219512195122
NOVA ODESSA;43830.0;127;347;770;0.16493506493506493
NOVAIS;2415.0;9;20;42;0.21428571428571427
NOVO HORIZONTE;35397.0;135;266;646;0.2089783281733746
NUPORANGA;4826.0;8;26;101;0.07920792079207921
OCAUCU;2732.0;3;27;45;0.06666666666666667
OLEO;184.0;2;2;3;0.6666666666666666
OLIMPIA;68777.0;198;560;1193;0.16596814752724226
ONDA VERDE;15264.0;21;96;303;0.06930693069306931
ORIENTE;4078.0;16;35;69;0.2318840579710145
ORINDIUVA;7458.0;13;49;137;0.0948905109489051
ORLANDIA;34784.0;65;279;611;0.10638297872340426
OSASCO;444333.0;1755;3568;7737;0.22683210546723537
OSCAR BRESSANE;3260.0;4;28;55;0.07272727272727272
OSVALDO CRUZ;26038.0;80;197;451;0.17738359201773837
OURINHOS;81245.0;301;631;1433;0.21004884856943476
OURO VERDE;3045.0;17;22;55;0.3090909090909091
OUROESTE;9806.0;17;69;187;0.09090909090909091
PACAEMBU;4315.0;22;36;70;0.3142857142857143
PALESTINA;7970.0;34;60;137;0.24817518248175183
PALMARES PAULISTA;9410.0;32;73;166;0.1927710843373494
PALMEIRA D'OESTE;3853.0;13;39;61;0.21311475409836064
PALMITAL;14549.0;36;132;245;0.1469387755102041
PANORAMA;5575.0;32;50;92;0.34782608695652173
PARAGUACU PAULISTA;26446.0;92;198;465;0.1978494623655914
PARAIBUNA;7303.0;30;65;124;0.24193548387096775
PARAISO;5447.0;15;36;98;0.15306122448979592
PARANAPANEMA;13313.0;49;94;243;0.20164609053497942
PARANAPUA;3191.0;14;34;53;0.2641509433962264
PARAPUA;6870.0;29;63;116;0.25
PARDINHO;3653.0;13;38;57;0.22807017543859648
PARIQUERA-ACU;19681.0;45;146;351;0.1282051282051282
PARISI;4475.0;12;47;76;0.15789473684210525
PATROCINIO PAULISTA;8818.0;24;69;157;0.15286624203821655
PAULICEIA;3732.0;9;30;69;0.13043478260869565
PAULINIA;110963.0;232;819;1961;0.11830698623151453
PAULISTANIA;1199.0;4;10;20;0.2
PAULO DE FARIA;6083.0;24;46;104;0.23076923076923078
PEDERNEIRAS;43202.0;80;323;773;0.1034928848641656
PEDRA BELA;1751.0;1;18;27;0.037037037037037035
PEDRANOPOLIS;1667.0;5;16;28;0.17857142857142858
PEDREGULHO;3362.0;11;30;58;0.1896551724137931
PEDREIRA;23283.0;46;171;404;0.11386138613861387
PEDRINHAS PAULISTA;1678.0;5;16;28;0.17857142857142858
PEDRO DE TOLEDO;4990.0;10;41;85;0.11764705882352941
PENAPOLIS;47916.0;109;357;853;0.12778429073856976
PEREIRA BARRETO;11757.0;54;95;209;0.2583732057416268
PEREIRAS;4860.0;16;33;93;0.17204301075268819
PERUIBE;50602.0;107;393;886;0.12076749435665914
PIACATU;1987.0;7;19;32;0.21875
PIEDADE;33329.0;82;262;588;0.13945578231292516
PILAR DO SUL;10686.0;46;95;177;0.2598870056497175
PINDAMONHANGABA;59871.0;237;489;1047;0.22636103151862463
PINDORAMA;17234.0;34;137;296;0.11486486486486487
PINHALZINHO;5692.0;3;49;97;0.030927835051546393
PIQUEROBI;807.0;4;4;15;0.26666666666666666
PIQUETE;4547.0;12;35;80;0.15
PIRACAIA;14654.0;34;129;247;0.13765182186234817
PIRACICABA;509873.0;981;3748;9131;0.10743620633008433
PIRAJU;16704.0;55;140;289;0.1903114186851211
PIRAJUI;22030.0;36;154;410;0.08780487804878048
PIRANGI;13379.0;37;110;231;0.16017316017316016
PIRAPORA DO BOM JESUS;5126.0;11;36;92;0.11956521739130435
PIRAPOZINHO;17065.0;48;127;297;0.16161616161616163
PIRASSUNUNGA;59199.0;172;450;1052;0.1634980988593156
PIRATININGA;10129.0;23;70;178;0.12921348314606743
PITANGUEIRAS;39114.0;112;291;695;0.16115107913669063
PLANALTO;6491.0;10;38;123;0.08130081300813008
PLATINA;1655.0;7;16;27;0.25925925925925924
POA;70426.0;241;549;1234;0.1952998379254457
POLONI;4610.0;18;33;83;0.21686746987951808
POMPEIA;11598.0;27;105;192;0.140625
PONGAI;2795.0;9;25;46;0.1956521739130435
PONTAL;39161.0;124;296;689;0.1799709724238026
PONTALINDA;2283.0;13;19;39;0.3333333333333333
PONTES GESTAL;3844.0;5;33;67;0.07462686567164178
POPULINA;3084.0;7;24;57;0.12280701754385964
PORANGABA;3698.0;15;33;63;0.23809523809523808
PORTO FELIZ;37370.0;104;309;644;0.16149068322981366
PORTO FERREIRA;40259.0;109;291;728;0.14972527472527472
POTIM;9561.0;20;73;168;0.11904761904761904
POTIRENDABA;30022.0;61;229;529;0.11531190926275993
PRACINHA;601.0;1;4;12;0.08333333333333333
PRADOPOLIS;14204.0;29;124;240;0.12083333333333333
PRAIA GRANDE;153363.0;435;1165;2728;0.1594574780058651
PRATANIA;4074.0;9;22;77;0.11688311688311688
PRESIDENTE ALVES;1078.0;4;11;19;0.21052631578947367
PRESIDENTE BERNARDES;10463.0;30;82;176;0.17045454545454544
PRESIDENTE EPITACIO;16599.0;84;132;286;0.2937062937062937
PRESIDENTE PRUDENTE;200192.0;582;1564;3512;0.16571753986332574
PRESIDENTE VENCESLAU;26165.0;76;216;451;0.16851441241685144
PROMISSAO;60980.0;68;368;1154;0.058925476603119586
QUADRA;669.0;2;9;10;0.2
QUATA;4182.0;12;31;77;0.15584415584415584
QUEIROZ;1688.0;1;16;27;0.037037037037037035
QUELUZ;6842.0;6;54;116;0.05172413793103448
QUINTANA;3627.0;14;30;64;0.21875
RAFARD;5347.0;7;40;95;0.07368421052631578
RANCHARIA;19668.0;26;148;346;0.07514450867052024
REDENCAO DA SERRA;1168.0;1;11;20;0.05
REGENTE FEIJO;12304.0;43;104;211;0.2037914691943128
REGINOPOLIS;3147.0;12;28;55;0.21818181818181817
REGISTRO;32118.0;140;272;539;0.2597402597402597
RESTINGA;2135.0;8;20;36;0.2222222222222222
RIBEIRA;1520.0;4;12;25;0.16
RIBEIRAO BONITO;6039.0;22;52;103;0.21359223300970873
RIBEIRAO BRANCO;19023.0;46;115;350;0.13142857142857142
RIBEIRAO CORRENTE;1711.0;3;13;31;0.0967741935483871
RIBEIRAO DO SUL;1667.0;14;17;26;0.5384615384615384
RIBEIRAO DOS INDIOS;1387.0;6;10;23;0.2608695652173913
RIBEIRAO GRANDE;1571.0;6;13;26;0.23076923076923078
RIBEIRAO PIRES;62109.0;241;514;1052;0.22908745247148288
RIBEIRAO PRETO;605395.0;2311;4958;10431;0.2215511456236219
RIFAINA;3765.0;9;30;66;0.13636363636363635
RINCAO;6419.0;20;52;115;0.17391304347826086
RINOPOLIS;3735.0;11;37;58;0.1896551724137931
RIO CLARO;77325.0;381;639;1328;0.2868975903614458
RIO DAS PEDRAS;28164.0;72;190;513;0.14035087719298245
RIO GRANDE DA SERRA;17090.0;64;135;295;0.21694915254237288
RIOLANDIA;12185.0;24;92;212;0.11320754716981132
RIVERSUL;2232.0;14;21;36;0.3888888888888889
ROSANA;8884.0;30;67;157;0.1910828025477707
ROSEIRA;12955.0;11;77;243;0.04526748971193416
RUBIACEA;1722.0;6;13;32;0.1875
RUBINEIA;4820.0;2;42;80;0.025
SABINO;4381.0;20;45;69;0.2898550724637681
SAGRES;1562.0;3;12;27;0.1111111111111111
SALES;4282.0;20;36;77;0.2597402597402597
SALES OLIVEIRA;17630.0;22;123;322;0.06832298136645963
SALESOPOLIS;7322.0;33;62;125;0.264
SALMOURAO;2243.0;10;14;40;0.25
SALTINHO;9022.0;18;75;158;0.11392405063291139
SALTO;74465.0;181;535;1340;0.13507462686567165
SALTO DE PIRAPORA;37831.0;115;281;686;0.16763848396501457
SALTO GRANDE;8691.0;5;55;161;0.031055900621118012
SANDOVALINA;1495.0;10;14;26;0.38461538461538464
SANTA ADELIA;14191.0;42;110;245;0.17142857142857143
SANTA ALBERTINA;4095.0;18;36;70;0.2571428571428571
SANTA BARBARA D'OESTE;206270.0;519;1557;3677;0.1411476747348382
SANTA BRANCA;9667.0;27;70;175;0.15428571428571428
SANTA CLARA D'OESTE;1066.0;4;10;19;0.21052631578947367
SANTA CRUZ DA CONCEICAO;7629.0;9;58;135;0.06666666666666667
SANTA CRUZ DA ESPERANCA;584.0;2;3;11;0.18181818181818182
SANTA CRUZ DAS PALMEIRAS;42607.0;79;284;803;0.09838107098381071
SANTA CRUZ DO RIO PARDO;64107.0;97;435;1176;0.0824829931972789
SANTA ERNESTINA;8130.0;13;55;158;0.08227848101265822
SANTA FE DO SUL;25678.0;59;198;454;0.1299559471365639
SANTA GERTRUDES;18137.0;56;149;309;0.18122977346278318
SANTA ISABEL;35206.0;161;319;594;0.27104377104377103
SANTA LUCIA;5172.0;16;36;95;0.16842105263157894
SANTA MARIA DA SERRA;6456.0;6;38;123;0.04878048780487805
SANTA MERCEDES;2091.0;4;15;38;0.10526315789473684
SANTA RITA D'OESTE;2210.0;4;19;40;0.1
SANTA RITA DO PASSA QUATRO;11141.0;28;88;197;0.14213197969543148
SANTA ROSA DE VITERBO;29195.0;33;224;523;0.06309751434034416
SANTA SALETE;1575.0;3;13;28;0.10714285714285714
SANTANA DA PONTE PENSA;424.0;3;2;8;0.375
SANTANA DE PARNAIBA;112473.0;206;787;2051;0.10043881033642126
SANTO ANASTACIO;7478.0;29;58;131;0.22137404580152673
SANTO ANDRE;511237.0;2120;4332;8654;0.24497342269470765
SANTO ANTONIO DA ALEGRIA;3417.0;17;27;59;0.288135593220339
SANTO ANTONIO DE POSSE;14024.0;30;94;261;0.11494252873563218
SANTO ANTONIO DO ARACANGUA;4880.0;18;35;86;0.20930232558139536
SANTO ANTONIO DO JARDIM;4488.0;16;44;75;0.21333333333333335
SANTO ANTONIO DO PINHAL;2214.0;6;20;37;0.16216216216216217
SANTO EXPEDITO;1049.0;3;10;16;0.1875
SANTOPOLIS DO AGUAPEI;3646.0;14;35;64;0.21875
SANTOS;362324.0;817;2943;6226;0.13122389977513652
SAO BENTO DO SAPUCAI;2680.0;11;24;46;0.2391304347826087
SAO BERNARDO DO CAMPO;656266.0;2236;5617;11169;0.2001969737666756
SAO CAETANO DO SUL;172340.0;689;1580;2820;0.24432624113475176
SAO CARLOS;174275.0;392;1309;3133;0.12511969358442387
SAO FRANCISCO;1931.0;8;13;34;0.23529411764705882
SAO JOAO DA BOA VISTA;35966.0;194;296;613;0.3164763458401305
SAO JOAO DAS DUAS PONTES;2364.0;5;19;40;0.125
SAO JOAO DE IRACEMA;1412.0;6;12;25;0.24
SAO JOAO DO PAU D'ALHO;435.0;0;4;7;0.0
SAO JOAQUIM DA BARRA;39361.0;95;265;720;0.13194444444444445
SAO JOSE DA BELA VISTA;2734.0;14;23;46;0.30434782608695654
SAO JOSE DO BARREIRO;1104.0;1;7;18;0.05555555555555555
SAO JOSE DO RIO PARDO;17142.0;67;137;295;0.2271186440677966
SAO JOSE DO RIO PRETO;792890.0;2396;6024;14026;0.17082560958220447
SAO JOSE DOS CAMPOS;512961.0;1268;3841;9143;0.13868533304167122
SAO LOURENCO DA SERRA;6102.0;26;56;103;0.2524271844660194
SAO LUIZ DO PARAITINGA;2035.0;14;19;34;0.4117647058823529
SAO MANUEL;41034.0;117;287;756;0.15476190476190477
SAO MIGUEL ARCANJO;16590.0;47;139;279;0.16845878136200718
SAO PAULO;8410306.0;26665;70962;143669;0.1856002338709116
SAO PEDRO;18887.0;64;162;321;0.19937694704049844
SAO PEDRO DO TURVO;7550.0;8;60;138;0.057971014492753624
SAO ROQUE;22135.0;58;176;391;0.1483375959079284
SAO SEBASTIAO;41753.0;106;326;739;0.14343707713125844
SAO SEBASTIAO DA GRAMA;6207.0;19;53;106;0.1792452830188679
SAO SIMAO;8707.0;24;63;158;0.1518987341772152
SAO VICENTE;167897.0;605;1334;2966;0.20397842211732975
SARAPUI;1479.0;3;13;24;0.125
SARUTAIA;3254.0;10;27;55;0.18181818181818182
SEBASTIANOPOLIS DO SUL;1397.0;5;12;25;0.2
SERRA AZUL;5631.0;12;52;97;0.12371134020618557
SERRA NEGRA;26905.0;37;212;478;0.07740585774058577
SERRANA;38101.0;80;299;677;0.11816838995568685
SERTAOZINHO;93110.0;345;730;1659;0.20795660036166366
SETE BARRAS;7877.0;29;68;134;0.21641791044776118
SEVERINIA;13443.0;54;109;229;0.23580786026200873
SILVEIRAS;2135.0;3;22;36;0.08333333333333333
SOCORRO;22263.0;45;195;384;0.1171875
SOROCABA;582320.0;1835;4240;10493;0.17487849042218623
SUD MENNUCCI;3617.0;5;24;68;0.07352941176470588
SUMARE;215000.0;558;1552;3902;0.14300358790363915
SUZANAPOLIS;3071.0;8;26;52;0.15384615384615385
SUZANO;157572.0;617;1279;2753;0.22411914275335998
TABAPUA;19678.0;41;143;350;0.11714285714285715
TABATINGA;12066.0;44;87;221;0.19909502262443438
TABOAO DA SERRA;154010.0;579;1196;2745;0.21092896174863388
TACIBA;4526.0;15;33;79;0.189873417721519
TAGUAI;10917.0;28;86;193;0.14507772020725387
TAIACU;3005.0;8;28;52;0.15384615384615385
TAIUVA;3876.0;8;24;68;0.11764705882352941
TAMBAU;8923.0;28;77;150;0.18666666666666668
TANABI;45292.0;86;362;791;0.10872313527180784
TAPIRAI;8067.0;8;56;148;0.05405405405405406
TAPIRATIBA;5018.0;15;35;92;0.16304347826086957
TAQUARAL;2021.0;5;19;32;0.15625
TAQUARITINGA;80696.0;127;479;1572;0.08078880407124682
TAQUARITUBA;15033.0;65;129;255;0.2549019607843137
TAQUARIVAI;1472.0;14;8;27;0.5185185185185185
TARABAI;5080.0;24;48;87;0.27586206896551724
TARUMA;10514.0;39;77;188;0.2074468085106383
TATUI;43707.0;146;340;775;0.18838709677419355
TAUBATE;198859.0;601;1488;3535;0.17001414427157002
TEJUPA;1929.0;6;14;35;0.17142857142857143
TEODORO SAMPAIO;9302.0;30;74;166;0.18072289156626506
TERRA ROXA;11058.0;21;56;226;0.09292035398230089
TIETE;24536.0;75;174;441;0.17006802721088435
TIMBURI;1147.0;7;11;18;0.3888888888888889
TORRE DE PEDRA;2283.0;9;21;37;0.24324324324324326
TORRINHA;7906.0;14;60;138;0.10144927536231885
TRABIJU;1109.0;2;6;24;0.08333333333333333
TREMEMBE;20028.0;32;145;363;0.0881542699724518
TRES FRONTEIRAS;6361.0;17;44;114;0.14912280701754385
TUIUTI;2243.0;3;22;37;0.08108108108108109
TUPA;42257.0;167;366;724;0.23066298342541436
TUPI PAULISTA;8627.0;31;82;144;0.2152777777777778
TURIUBA;667.0;1;5;11;0.09090909090909091
TURMALINA;1217.0;3;12;20;0.15
UBARANA;7030.0;15;59;120;0.125
UBATUBA;44235.0;89;334;788;0.11294416243654823
UBIRAJARA;2215.0;5;21;37;0.13513513513513514
UCHOA;18351.0;24;137;327;0.07339449541284404
UNIAO PAULISTA;2108.0;4;18;38;0.10526315789473684
URANIA;8566.0;27;63;150;0.18
URU;1226.0;5;11;21;0.23809523809523808
URUPES;7298.0;29;63;125;0.232
VALENTIM GENTIL;18144.0;48;130;330;0.14545454545454545
VALINHOS;85523.0;213;629;1515;0.1405940594059406
VALPARAISO;16607.0;51;127;292;0.17465753424657535
VARGEM;2905.0;6;32;46;0.13043478260869565
VARGEM GRANDE DO SUL;10123.0;49;82;179;0.2737430167597765
VARGEM GRANDE PAULISTA;18629.0;70;118;344;0.20348837209302326
VARZEA PAULISTA;40122.0;181;300;727;0.24896836313617607
VERA CRUZ;6322.0;32;51;104;0.3076923076923077
VINHEDO;60655.0;119;460;1069;0.11131898971000935
VIRADOURO;11611.0;52;92;205;0.25365853658536586
VISTA ALEGRE DO ALTO;11474.0;12;68;220;0.05454545454545454
VITORIA BRASIL;2882.0;8;29;48;0.16666666666666666
VOTORANTIM;86656.0;322;676;1520;0.2118421052631579
VOTUPORANGA;130541.0;329;1070;2272;0.144806338028169
ZACARIAS;1609.0;10;16;26;0.38461538461538464
